"Servicio","Empresa","Zona Cobertura","Categoría Actual","Categoría Resolución","Tipo Conexión","Tipo Sistema","Servicio Conexo","Cargo Fijo","Rango Abonados","Bloque/Etapa","Tipo Tarifa","Tarifa","Unidad Medida","Núm. Expediente","Estudio","Vigencia Inicial","Vigencia Final","Núm. Gaceta","Fecha Gaceta","Núm. Resolución","Fecha Resolución","Núm. Pliego","Aplico","Observaciones"
"Alcantarillado","ASADA de Tobosi del Guarco ","Residencial Jardines de Tobosi","","","Medido","","","Cargo Consumo","","","","705","colones por metro cúbico","ET-044-2016","Ordinario","2021/01/01","","216","2016-11-10","RIA-013-2016","2016-11-04","6","Sí","Las tarifas fijadas entrarán a regir una vez que: 1) El AyA reciba de ASEPIPASA, formalmente y a satisfacción, la planta de tratamiento que da el servicio de alcantarillado al residencial Jardines de Tobosi; y este le haya delegado su administración, operación, mantenimiento y desarrollo a la Asada de Tobosi de El Guarco. 2) Cuando se encuentre inscrito ante el Registro Nacional de la Propiedad, el traspaso al AyA del terreno donde se ubica la planta de tratamiento de aguas residuales, acordado por el Consejo Municipal del El Guarco, mediante acuerdo N°722. O en su defecto, cuando exista aceptación expresa de la Municipalidad del cantón de El Guarco, para que se cobren las tarifas aquí fijadas por la Autoridad Reguladora."
"Alcantarillado","ASADA de Golfito","","","","Medido","","","Cargo Consumo","","","","73.4","colones por metro cúbico","ET-108-2015","Ordinario","2018/01/01","","28","2016-02-10","RIA-001-2016","2016-02-03","3","Sí",""
"Alcantarillado","ASADA de Golfito","","","","Fijo","","","Cargo Consumo","","","","1687.65","colones por mes","ET-108-2015","Ordinario","2018/01/01","","28","2016-02-10","RIA-001-2016","2016-02-03","3","Sí",""
"Alcantarillado","ASADA de Lomas Zurqui","","Tarifa residencial","Tarifa residencial","Fijo","","","Cargo Fijo","","00-15","Normal","1032","colones por mes","ET-073-2022","Oficio","2024/01/01","2024/12/31","234","2022-11-03","RE-0016-IA-2022","2022-10-31","1","Sí",""
"Alcantarillado","ASADA de Lomas Zurqui","","Tarifa residencial","Tarifa residencial","Fijo","","","Cargo Fijo","","16-30","Normal","1187","colones por mes","ET-073-2022","Oficio","2024/01/01","2024/12/31","234","2022-11-03","RE-0016-IA-2022","2022-10-31","1","Sí",""
"Alcantarillado","ASADA de Lomas Zurqui","","Tarifa residencial","Tarifa residencial","Fijo","","","Cargo Fijo","","31-45","Normal","1352","colones por mes","ET-073-2022","Oficio","2024/01/01","2024/12/31","234","2022-11-03","RE-0016-IA-2022","2022-10-31","1","Sí",""
"Alcantarillado","ASADA de Lomas Zurqui","","Tarifa residencial","Tarifa residencial","Fijo","","","Cargo Fijo","","46+","Normal","1528","colones por mes","ET-073-2022","Oficio","2024/01/01","2024/12/31","234","2022-11-03","RE-0016-IA-2022","2022-10-31","1","Sí",""
"Alcantarillado","ASADA de Lomas Zurqui","","Tarifa residencial","Tarifa residencial","Medido","","","Cargo Consumo","","00-15","Normal","642","colones por metro cúbico","ET-073-2022","Oficio","2024/01/01","2024/12/31","234","2022-11-03","RE-0016-IA-2022","2022-10-31","1","Sí",""
"Alcantarillado","ASADA de Lomas Zurqui","","Tarifa residencial","Tarifa residencial","Medido","","","Cargo Consumo","","16-30","Normal","739","colones por metro cúbico","ET-073-2022","Oficio","2024/01/01","2024/12/31","234","2022-11-03","RE-0016-IA-2022","2022-10-31","1","Sí",""
"Alcantarillado","ASADA de Lomas Zurqui","","Tarifa residencial","Tarifa residencial","Medido","","","Cargo Consumo","","31-45","Normal","842","colones por metro cúbico","ET-073-2022","Oficio","2024/01/01","2024/12/31","234","2022-11-03","RE-0016-IA-2022","2022-10-31","1","Sí",""
"Alcantarillado","ASADA de Lomas Zurqui","","Tarifa residencial","Tarifa residencial","Medido","","","Cargo Consumo","","46+","Normal","951","colones por metro cúbico","ET-073-2022","Oficio","2024/01/01","2024/12/31","234","2022-11-03","RE-0016-IA-2022","2022-10-31","1","Sí",""
"Alcantarillado","ASADA de Lomas Zurqui","","Tarifa residencial","Tarifa residencial","Fijo","","","Cargo Consumo","","","Normal","19630","colones por mes","ET-073-2022","Oficio","2024/01/01","2024/12/31","234","2022-11-03","RE-0016-IA-2022","2022-10-31","1","Sí",""
"Alcantarillado","ASADA de Lomas Zurqui","","Tarifa comercios y sevicios","Tarifa comercios y sevicios","Fijo","","","Cargo Fijo","","00-30","Normal","2960","colones por mes","ET-073-2022","Oficio","2024/01/01","2024/12/31","234","2022-11-03","RE-0016-IA-2022","2022-10-31","1","Sí",""
"Alcantarillado","ASADA de Lomas Zurqui","","Tarifa comercios y sevicios","Tarifa comercios y sevicios","Fijo","","","Cargo Fijo","","31-60","Normal","3789","colones por mes","ET-073-2022","Oficio","2024/01/01","2024/12/31","234","2022-11-03","RE-0016-IA-2022","2022-10-31","1","Sí",""
"Alcantarillado","ASADA de Lomas Zurqui","","Tarifa comercios y sevicios","Tarifa comercios y sevicios","Fijo","","","Cargo Fijo","","60+","Normal","4736","colones por mes","ET-073-2022","Oficio","2024/01/01","2024/12/31","234","2022-11-03","RE-0016-IA-2022","2022-10-31","1","Sí",""
"Alcantarillado","ASADA de Lomas Zurqui","","Tarifa comercios y sevicios","Tarifa comercios y sevicios","Medido","","","Cargo Consumo","","00-30","Normal","803","colones por metro cúbico","ET-073-2022","Oficio","2024/01/01","2024/12/31","234","2022-11-03","RE-0016-IA-2022","2022-10-31","1","Sí",""
"Alcantarillado","ASADA de Lomas Zurqui","","Tarifa comercios y sevicios","Tarifa comercios y sevicios","Medido","","","Cargo Consumo","","31-60","Normal","1028","colones por metro cúbico","ET-073-2022","Oficio","2024/01/01","2024/12/31","234","2022-11-03","RE-0016-IA-2022","2022-10-31","1","Sí",""
"Alcantarillado","ASADA de Lomas Zurqui","","Tarifa comercios y sevicios","Tarifa comercios y sevicios","Medido","","","Cargo Consumo","","60+","Normal","1285","colones por metro cúbico","ET-073-2022","Oficio","2024/01/01","2024/12/31","234","2022-11-03","RE-0016-IA-2022","2022-10-31","1","Sí",""
"Alcantarillado","ASADA de Lomas Zurqui","","Tarifa comercios y sevicios","Tarifa comercios y sevicios","Fijo","","","Cargo Fijo","","","Normal","22911","colones por mes","ET-073-2022","Oficio","2024/01/01","2024/12/31","234","2022-11-03","RE-0016-IA-2022","2022-10-31","1","Sí",""
"Alcantarillado","ASADA de Lomas Zurqui","","Tarifa industrial","Tarifa industrial","Fijo","","","Cargo Fijo","","00-30","Normal","2960","colones por mes","ET-073-2022","Oficio","2024/01/01","2024/12/31","234","2022-11-03","RE-0016-IA-2022","2022-10-31","1","Sí",""
"Alcantarillado","ASADA de Lomas Zurqui","","Tarifa industrial","Tarifa industrial","Fijo","","","Cargo Fijo","","31-60","Normal","3789","colones por mes","ET-073-2022","Oficio","2024/01/01","2024/12/31","234","2022-11-03","RE-0016-IA-2022","2022-10-31","1","Sí",""
"Alcantarillado","ASADA de Lomas Zurqui","","Tarifa industrial","Tarifa industrial","Fijo","","","Cargo Fijo","","60+","Normal","4736","colones por mes","ET-073-2022","Oficio","2024/01/01","2024/12/31","234","2022-11-03","RE-0016-IA-2022","2022-10-31","1","Sí",""
"Alcantarillado","ASADA de Lomas Zurqui","","Tarifa industrial","Tarifa industrial","Medido","","","Cargo Consumo","","00-30","Normal","803","colones por metro cúbico","ET-073-2022","Oficio","2024/01/01","2024/12/31","234","2022-11-03","RE-0016-IA-2022","2022-10-31","1","Sí",""
"Alcantarillado","ASADA de Lomas Zurqui","","Tarifa industrial","Tarifa industrial","Medido","","","Cargo Consumo","","31-60","Normal","1028","colones por metro cúbico","ET-073-2022","Oficio","2024/01/01","2024/12/31","234","2022-11-03","RE-0016-IA-2022","2022-10-31","1","Sí",""
"Alcantarillado","ASADA de Lomas Zurqui","","Tarifa industrial","Tarifa industrial","Medido","","","Cargo Consumo","","60+","Normal","1285","colones por metro cúbico","ET-073-2022","Oficio","2024/01/01","2024/12/31","234","2022-11-03","RE-0016-IA-2022","2022-10-31","1","Sí",""
"Alcantarillado","ASADA de Lomas Zurqui","","Tarifa industrial","Tarifa industrial","Fijo","","","Cargo Fijo","","","Normal","22911","colones por mes","ET-073-2022","Oficio","2024/01/01","2024/12/31","234","2022-11-03","RE-0016-IA-2022","2022-10-31","1","Sí",""
"Alcantarillado","ASADA de Lomas Zurqui","","Tarifa preferencial","Tarifa preferencial","Fijo","","","Cargo Fijo","","00-30","Normal","1032","colones por mes","ET-073-2022","Oficio","2024/01/01","2024/12/31","234","2022-11-03","RE-0016-IA-2022","2022-10-31","1","Sí",""
"Alcantarillado","ASADA de Lomas Zurqui","","Tarifa preferencial","Tarifa preferencial","Fijo","","","Cargo Fijo","","31-60","Normal","1187","colones por mes","ET-073-2022","Oficio","2024/01/01","2024/12/31","234","2022-11-03","RE-0016-IA-2022","2022-10-31","1","Sí",""
"Alcantarillado","ASADA de Lomas Zurqui","","Tarifa preferencial","Tarifa preferencial","Fijo","","","Cargo Fijo","","60+","Normal","1352","colones por mes","ET-073-2022","Oficio","2024/01/01","2024/12/31","234","2022-11-03","RE-0016-IA-2022","2022-10-31","1","Sí",""
"Alcantarillado","ASADA de Lomas Zurqui","","Tarifa preferencial","Tarifa preferencial","Medido","","","Cargo Consumo","","00-30","Normal","610","colones por metro cúbico","ET-073-2022","Oficio","2024/01/01","2024/12/31","234","2022-11-03","RE-0016-IA-2022","2022-10-31","1","Sí",""
"Alcantarillado","ASADA de Lomas Zurqui","","Tarifa preferencial","Tarifa preferencial","Medido","","","Cargo Consumo","","31-60","Normal","702","colones por metro cúbico","ET-073-2022","Oficio","2024/01/01","2024/12/31","234","2022-11-03","RE-0016-IA-2022","2022-10-31","1","Sí",""
"Alcantarillado","ASADA de Lomas Zurqui","","Tarifa preferencial","Tarifa preferencial","Medido","","","Cargo Consumo","","60+","Normal","800","colones por metro cúbico","ET-073-2022","Oficio","2024/01/01","2024/12/31","234","2022-11-03","RE-0016-IA-2022","2022-10-31","1","Sí",""
"Alcantarillado","ASADA de Lomas Zurqui","","Tarifa preferencial","Tarifa preferencial","Fijo","","","Cargo Consumo","","","Normal","17404","colones por mes","ET-073-2022","Oficio","2024/01/01","2024/12/31","234","2022-11-03","RE-0016-IA-2022","2022-10-31","1","Sí",""
"Alcantarillado","ASADA de Paso de Las Garzas","","","","Medido","","","Cargo Consumo","","","Normal","574","colones por metro cúbico","ET-056-2023","Oficio","2024/06/18","2028/12/31","110","2024-06-18"," RE-0022-IA-2024","2024-06-11","1","Sí",""
"Acueducto","ASADA de San Pedro de Barva","","Tarifa residencial","Tarifa residencial","Fijo","","","Cargo Fijo","","00-15","Normal","1050","colones por mes","ET-079-2021","Ordinario","2024/01/01","2024/12/31","39","2022-02-28","RE-0004-IA-2022","2022-02-24","3","Sí",""
"Acueducto","ASADA de San Pedro de Barva","","Tarifa residencial","Tarifa residencial","Fijo","","","Cargo Fijo","","16-30","Normal","1370","colones por mes","ET-079-2021","Ordinario","2024/01/01","2024/12/31","39","2022-02-28","RE-0004-IA-2022","2022-02-24","3","Sí",""
"Acueducto","ASADA de San Pedro de Barva","","Tarifa residencial","Tarifa residencial","Fijo","","","Cargo Fijo","","31-45","Normal","2630","colones por mes","ET-079-2021","Ordinario","2024/01/01","2024/12/31","39","2022-02-28","RE-0004-IA-2022","2022-02-24","3","Sí",""
"Acueducto","ASADA de San Pedro de Barva","","Tarifa residencial","Tarifa residencial","Fijo","","","Cargo Fijo","","46+","Normal","3625","colones por mes","ET-079-2021","Ordinario","2024/01/01","2024/12/31","39","2022-02-28","RE-0004-IA-2022","2022-02-24","3","Sí",""
"Acueducto","ASADA de San Pedro de Barva","","Tarifa residencial","Tarifa residencial","Medido","","","Cargo Consumo","","00-15","Normal","328","colones por metro cúbico","ET-079-2021","Ordinario","2024/01/01","2024/12/31","39","2022-02-28","RE-0004-IA-2022","2022-02-24","3","Sí",""
"Acueducto","ASADA de San Pedro de Barva","","Tarifa residencial","Tarifa residencial","Medido","","","Cargo Consumo","","16-30","Normal","378","colones por metro cúbico","ET-079-2021","Ordinario","2024/01/01","2024/12/31","39","2022-02-28","RE-0004-IA-2022","2022-02-24","3","Sí",""
"Acueducto","ASADA de San Pedro de Barva","","Tarifa residencial","Tarifa residencial","Medido","","","Cargo Consumo","","31-45","Normal","430","colones por metro cúbico","ET-079-2021","Ordinario","2024/01/01","2024/12/31","39","2022-02-28","RE-0004-IA-2022","2022-02-24","3","Sí",""
"Acueducto","ASADA de San Pedro de Barva","","Tarifa residencial","Tarifa residencial","Medido","","","Cargo Consumo","","46+","Normal","486","colones por metro cúbico","ET-079-2021","Ordinario","2024/01/01","2024/12/31","39","2022-02-28","RE-0004-IA-2022","2022-02-24","3","Sí",""
"Acueducto","ASADA de San Pedro de Barva","","Tarifa residencial con pobreza extrema","Tarifa residencial con pobreza extrema","Fijo","","","Cargo Fijo","","00-15","Normal","1050","colones por mes","ET-079-2021","Ordinario","2024/01/01","2024/12/31","39","2022-02-28","RE-0004-IA-2022","2022-02-24","3","Sí",""
"Acueducto","ASADA de San Pedro de Barva","","Tarifa residencial con pobreza extrema","Tarifa residencial con pobreza extrema","Fijo","","","Cargo Fijo","","16-30","Normal","1370","colones por mes","ET-079-2021","Ordinario","2024/01/01","2024/12/31","39","2022-02-28","RE-0004-IA-2022","2022-02-24","3","Sí",""
"Acueducto","ASADA de San Pedro de Barva","","Tarifa residencial con pobreza extrema","Tarifa residencial con pobreza extrema","Fijo","","","Cargo Fijo","","31-45","Normal","2630","colones por mes","ET-079-2021","Ordinario","2024/01/01","2024/12/31","39","2022-02-28","RE-0004-IA-2022","2022-02-24","3","Sí",""
"Acueducto","ASADA de San Pedro de Barva","","Tarifa residencial con pobreza extrema","Tarifa residencial con pobreza extrema","Fijo","","","Cargo Fijo","","46+","Normal","3625","colones por mes","ET-079-2021","Ordinario","2024/01/01","2024/12/31","39","2022-02-28","RE-0004-IA-2022","2022-02-24","3","Sí",""
"Acueducto","ASADA de San Pedro de Barva","","Tarifa residencial con pobreza extrema","Tarifa residencial con pobreza extrema","Medido","","","Cargo Consumo","","00-15","Normal","","colones por metro cúbico","ET-079-2021","Ordinario","2024/01/01","2024/12/31","39","2022-02-28","RE-0004-IA-2022","2022-02-24","3","Sí",""
"Acueducto","ASADA de San Pedro de Barva","","Tarifa residencial con pobreza extrema","Tarifa residencial con pobreza extrema","Medido","","","Cargo Consumo","","16-30","Normal","378","colones por metro cúbico","ET-079-2021","Ordinario","2024/01/01","2024/12/31","39","2022-02-28","RE-0004-IA-2022","2022-02-24","3","Sí",""
"Acueducto","ASADA de San Pedro de Barva","","Tarifa residencial con pobreza extrema","Tarifa residencial con pobreza extrema","Medido","","","Cargo Consumo","","31-45","Normal","430","colones por metro cúbico","ET-079-2021","Ordinario","2024/01/01","2024/12/31","39","2022-02-28","RE-0004-IA-2022","2022-02-24","3","Sí",""
"Acueducto","ASADA de San Pedro de Barva","","Tarifa residencial con pobreza extrema","Tarifa residencial con pobreza extrema","Medido","","","Cargo Consumo","","46+","Normal","486","colones por metro cúbico","ET-079-2021","Ordinario","2024/01/01","2024/12/31","39","2022-02-28","RE-0004-IA-2022","2022-02-24","3","Sí",""
"Acueducto","ASADA de San Pedro de Barva","","Tarifa comercios, servicios e industria","Tarifa comercios, servicios e industria","Fijo","","","Cargo Fijo","","00-30","Normal","1580","colones por mes","ET-079-2021","Ordinario","2024/01/01","2024/12/31","39","2022-02-28","RE-0004-IA-2022","2022-02-24","3","Sí",""
"Acueducto","ASADA de San Pedro de Barva","","Tarifa comercios, servicios e industria","Tarifa comercios, servicios e industria","Fijo","","","Cargo Fijo","","31-60","Normal","2630","colones por mes","ET-079-2021","Ordinario","2024/01/01","2024/12/31","39","2022-02-28","RE-0004-IA-2022","2022-02-24","3","Sí",""
"Acueducto","ASADA de San Pedro de Barva","","Tarifa comercios, servicios e industria","Tarifa comercios, servicios e industria","Fijo","","","Cargo Fijo","","61+","Normal","5220","colones por mes","ET-079-2021","Ordinario","2024/01/01","2024/12/31","39","2022-02-28","RE-0004-IA-2022","2022-02-24","3","Sí",""
"Acueducto","ASADA de San Pedro de Barva","","Tarifa comercios, servicios e industria","Tarifa comercios, servicios e industria","Medido","","","Cargo Consumo","","00-30","Normal","411","colones por metro cúbico","ET-079-2021","Ordinario","2024/01/01","2024/12/31","39","2022-02-28","RE-0004-IA-2022","2022-02-24","3","Sí",""
"Acueducto","ASADA de San Pedro de Barva","","Tarifa comercios, servicios e industria","Tarifa comercios, servicios e industria","Medido","","","Cargo Consumo","","31-60","Normal","525","colones por metro cúbico","ET-079-2021","Ordinario","2024/01/01","2024/12/31","39","2022-02-28","RE-0004-IA-2022","2022-02-24","3","Sí",""
"Acueducto","ASADA de San Pedro de Barva","","Tarifa comercios, servicios e industria","Tarifa comercios, servicios e industria","Medido","","","Cargo Consumo","","61+","Normal","657","colones por metro cúbico","ET-079-2021","Ordinario","2024/01/01","2024/12/31","39","2022-02-28","RE-0004-IA-2022","2022-02-24","3","Sí",""
"Protección Recurso Hídrico","ASADA Río Blanco","","Residencial","Residencial","Medido","","","Cargo Consumo","","00-10","Normal","12.71","Colones por mes","ET-078-2021","Ordinario","2024/03/01","2025/02/28","23","2022-02-04","RE-0002-IA-2022","2022-02-01","3","Sí",""
"Protección Recurso Hídrico","ASADA Río Blanco","","Residencial","Residencial","Medido","","","Cargo Consumo","","11-30","Normal","14.58","Colones por mes","ET-078-2021","Ordinario","2024/03/01","2025/02/28","23","2022-02-04","RE-0002-IA-2022","2022-02-01","3","Sí",""
"Protección Recurso Hídrico","ASADA Río Blanco","","Residencial","Residencial","Medido","","","Cargo Consumo","","26-40","Normal","18.22","Colones por mes","ET-078-2021","Ordinario","2024/03/01","2025/02/28","23","2022-02-04","RE-0002-IA-2022","2022-02-01","3","Sí",""
"Protección Recurso Hídrico","ASADA Río Blanco","","Residencial","Residencial","Medido","","","Cargo Consumo","","41-60","Normal","27.38","Colones por mes","ET-078-2021","Ordinario","2024/03/01","2025/02/28","23","2022-02-04","RE-0002-IA-2022","2022-02-01","3","Sí",""
"Protección Recurso Hídrico","ASADA Río Blanco","","Comercio, servicios e industria","Comercio, servicios e industria","Medido","","","Cargo Consumo","","00-10","Normal","19.06","Colones por mes","ET-078-2021","Ordinario","2024/03/01","2025/02/28","23","2022-02-04","RE-0002-IA-2022","2022-02-01","3","Sí",""
"Protección Recurso Hídrico","ASADA Río Blanco","","Comercio, servicios e industria","Comercio, servicios e industria","Medido","","","Cargo Consumo","","11-30","Normal","21.86","Colones por mes","ET-078-2021","Ordinario","2024/03/01","2025/02/28","23","2022-02-04","RE-0002-IA-2022","2022-02-01","3","Sí",""
"Protección Recurso Hídrico","ASADA Río Blanco","","Comercio, servicios e industria","Comercio, servicios e industria","Medido","","","Cargo Consumo","","26-40","Normal","27.38","Colones por mes","ET-078-2021","Ordinario","2024/03/01","2025/02/28","23","2022-02-04","RE-0002-IA-2022","2022-02-01","3","Sí",""
"Protección Recurso Hídrico","ASADA Río Blanco","","Comercio, servicios e industria","Comercio, servicios e industria","Medido","","","Cargo Consumo","","41-60","Normal","27.38","Colones por mes","ET-078-2021","Ordinario","2024/03/01","2025/02/28","23","2022-02-04","RE-0002-IA-2022","2022-02-01","3","Sí",""
"Acueducto","ASADA Horquetas","","Tarifa residencial","Tarifa residencial","Fijo","","","Cargo Fijo","","00-15","Normal","1000","colones por mes","ET-093-2021","Ordinario","2023/01/01","","99","2022-05-30","Re-0010-IA-2022","2022-05-25","2","No",""
"Acueducto","ASADA Horquetas","","Tarifa residencial","Tarifa residencial","Fijo","","","Cargo Fijo","","16-30","Normal","1500","colones por mes","ET-093-2021","Ordinario","2023/01/01","","99","2022-05-30","Re-0010-IA-2022","2022-05-25","2","No",""
"Acueducto","ASADA Horquetas","","Tarifa residencial","Tarifa residencial","Fijo","","","Cargo Fijo","","31-45","Normal","2000","colones por mes","ET-093-2021","Ordinario","2023/01/01","","99","2022-05-30","Re-0010-IA-2022","2022-05-25","2","No",""
"Acueducto","ASADA Horquetas","","Tarifa residencial","Tarifa residencial","Fijo","","","Cargo Fijo","","46+","Normal","2860","colones por mes","ET-093-2021","Ordinario","2023/01/01","","99","2022-05-30","Re-0010-IA-2022","2022-05-25","2","No",""
"Acueducto","ASADA Horquetas","","Tarifa residencial","Tarifa residencial","Medido","","","Cargo Consumo","","00-15","Normal","162","colones por metro cúbico","ET-093-2021","Ordinario","2023/01/01","","99","2022-05-30","Re-0010-IA-2022","2022-05-25","2","No",""
"Acueducto","ASADA Horquetas","","Tarifa residencial","Tarifa residencial","Medido","","","Cargo Consumo","","16-30","Normal","187","colones por metro cúbico","ET-093-2021","Ordinario","2023/01/01","","99","2022-05-30","Re-0010-IA-2022","2022-05-25","2","No",""
"Acueducto","ASADA Horquetas","","Tarifa residencial","Tarifa residencial","Medido","","","Cargo Consumo","","31-45","Normal","213","colones por metro cúbico","ET-093-2021","Ordinario","2023/01/01","","99","2022-05-30","Re-0010-IA-2022","2022-05-25","2","No",""
"Acueducto","ASADA Horquetas","","Tarifa residencial","Tarifa residencial","Medido","","","Cargo Consumo","","46+","Normal","240","colones por metro cúbico","ET-093-2021","Ordinario","2023/01/01","","99","2022-05-30","Re-0010-IA-2022","2022-05-25","2","No",""
"Acueducto","ASADA Horquetas","","Tarifa residencial con pobreza extrema","Tarifa residencial con pobreza extrema","Fijo","","","Cargo Fijo","","00-15","Normal","1000","colones por mes","ET-093-2021","Ordinario","2023/01/01","","99","2022-05-30","Re-0010-IA-2022","2022-05-25","2","No",""
"Acueducto","ASADA Horquetas","","Tarifa residencial con pobreza extrema","Tarifa residencial con pobreza extrema","Fijo","","","Cargo Fijo","","16-30","Normal","1500","colones por mes","ET-093-2021","Ordinario","2023/01/01","","99","2022-05-30","Re-0010-IA-2022","2022-05-25","2","No",""
"Acueducto","ASADA Horquetas","","Tarifa residencial con pobreza extrema","Tarifa residencial con pobreza extrema","Fijo","","","Cargo Fijo","","31-45","Normal","2000","colones por mes","ET-093-2021","Ordinario","2023/01/01","","99","2022-05-30","Re-0010-IA-2022","2022-05-25","2","No",""
"Acueducto","ASADA Horquetas","","Tarifa residencial con pobreza extrema","Tarifa residencial con pobreza extrema","Fijo","","","Cargo Fijo","","46+","Normal","2860","colones por mes","ET-093-2021","Ordinario","2023/01/01","","99","2022-05-30","Re-0010-IA-2022","2022-05-25","2","No",""
"Acueducto","ASADA Horquetas","","Tarifa residencial con pobreza extrema","Tarifa residencial con pobreza extrema","Medido","","","Cargo Consumo","","00-15","Normal","","colones por metro cúbico","ET-093-2021","Ordinario","2023/01/01","","99","2022-05-30","Re-0010-IA-2022","2022-05-25","2","No",""
"Acueducto","ASADA Horquetas","","Tarifa residencial con pobreza extrema","Tarifa residencial con pobreza extrema","Medido","","","Cargo Consumo","","16-30","Normal","187","colones por metro cúbico","ET-093-2021","Ordinario","2023/01/01","","99","2022-05-30","Re-0010-IA-2022","2022-05-25","2","No",""
"Acueducto","ASADA Horquetas","","Tarifa residencial con pobreza extrema","Tarifa residencial con pobreza extrema","Medido","","","Cargo Consumo","","31-45","Normal","213","colones por metro cúbico","ET-093-2021","Ordinario","2023/01/01","","99","2022-05-30","Re-0010-IA-2022","2022-05-25","2","No",""
"Acueducto","ASADA Horquetas","","Tarifa residencial con pobreza extrema","Tarifa residencial con pobreza extrema","Medido","","","Cargo Consumo","","46+","Normal","240","colones por metro cúbico","ET-093-2021","Ordinario","2023/01/01","","99","2022-05-30","Re-0010-IA-2022","2022-05-25","2","No",""
"Acueducto","ASADA Horquetas","","Tarifa residencial con pobreza básica","Tarifa residencial con pobreza básica","Fijo","","","Cargo Fijo","","00-15","Normal","1000","colones por mes","ET-093-2021","Ordinario","2023/01/01","","99","2022-05-30","Re-0010-IA-2022","2022-05-25","2","No",""
"Acueducto","ASADA Horquetas","","Tarifa residencial con pobreza básica","Tarifa residencial con pobreza básica","Fijo","","","Cargo Fijo","","16-30","Normal","1500","colones por mes","ET-093-2021","Ordinario","2023/01/01","","99","2022-05-30","Re-0010-IA-2022","2022-05-25","2","No",""
"Acueducto","ASADA Horquetas","","Tarifa residencial con pobreza básica","Tarifa residencial con pobreza básica","Fijo","","","Cargo Fijo","","31-45","Normal","2000","colones por mes","ET-093-2021","Ordinario","2023/01/01","","99","2022-05-30","Re-0010-IA-2022","2022-05-25","2","No",""
"Acueducto","ASADA Horquetas","","Tarifa residencial con pobreza básica","Tarifa residencial con pobreza básica","Fijo","","","Cargo Fijo","","46+","Normal","2860","colones por mes","ET-093-2021","Ordinario","2023/01/01","","99","2022-05-30","Re-0010-IA-2022","2022-05-25","2","No",""
"Acueducto","ASADA Horquetas","","Tarifa residencial con pobreza básica","Tarifa residencial con pobreza básica","Medido","","","Cargo Consumo","","00-15","Normal","81","colones por metro cúbico","ET-093-2021","Ordinario","2023/01/01","","99","2022-05-30","Re-0010-IA-2022","2022-05-25","2","No",""
"Acueducto","ASADA Horquetas","","Tarifa residencial con pobreza básica","Tarifa residencial con pobreza básica","Medido","","","Cargo Consumo","","16-30","Normal","187","colones por metro cúbico","ET-093-2021","Ordinario","2023/01/01","","99","2022-05-30","Re-0010-IA-2022","2022-05-25","2","No",""
"Acueducto","ASADA Horquetas","","Tarifa residencial con pobreza básica","Tarifa residencial con pobreza básica","Medido","","","Cargo Consumo","","31-45","Normal","213","colones por metro cúbico","ET-093-2021","Ordinario","2023/01/01","","99","2022-05-30","Re-0010-IA-2022","2022-05-25","2","No",""
"Acueducto","ASADA Horquetas","","Tarifa residencial con pobreza básica","Tarifa residencial con pobreza básica","Medido","","","Cargo Consumo","","46+","Normal","240","colones por metro cúbico","ET-093-2021","Ordinario","2023/01/01","","99","2022-05-30","Re-0010-IA-2022","2022-05-25","2","No",""
"Acueducto","ASADA Horquetas","","Tarifa comercios, servicios e industria","Tarifa comercios, servicios e industria","Fijo","","","Cargo Fijo","","00-30","Normal","1500","colones por mes","ET-093-2021","Ordinario","2023/01/01","","99","2022-05-30","Re-0010-IA-2022","2022-05-25","2","No",""
"Acueducto","ASADA Horquetas","","Tarifa comercios, servicios e industria","Tarifa comercios, servicios e industria","Fijo","","","Cargo Fijo","","31-60","Normal","2500","colones por mes","ET-093-2021","Ordinario","2023/01/01","","99","2022-05-30","Re-0010-IA-2022","2022-05-25","2","No",""
"Acueducto","ASADA Horquetas","","Tarifa comercios, servicios e industria","Tarifa comercios, servicios e industria","Fijo","","","Cargo Fijo","","61+","Normal","9255","colones por mes","ET-093-2021","Ordinario","2023/01/01","","99","2022-05-30","Re-0010-IA-2022","2022-05-25","2","No",""
"Acueducto","ASADA Horquetas","","Tarifa comercios, servicios e industria","Tarifa comercios, servicios e industria","Medido","","","Cargo Consumo","","00-30","Normal","295","colones por mes","ET-093-2021","Ordinario","2023/01/01","","99","2022-05-30","Re-0010-IA-2022","2022-05-25","2","No",""
"Acueducto","ASADA Horquetas","","Tarifa comercios, servicios e industria","Tarifa comercios, servicios e industria","Medido","","","Cargo Consumo","","31-60","Normal","378","colones por mes","ET-093-2021","Ordinario","2023/01/01","","99","2022-05-30","Re-0010-IA-2022","2022-05-25","2","No",""
"Acueducto","ASADA Horquetas","","Tarifa comercios, servicios e industria","Tarifa comercios, servicios e industria","Medido","","","Cargo Consumo","","61+","Normal","472","colones por mes","ET-093-2021","Ordinario","2023/01/01","","99","2022-05-30","Re-0010-IA-2022","2022-05-25","2","No",""
"Protección Recurso Hídrico","ASADA El Tanque","","DOMIPRE","DOMIPRE","Medido","","","Cargo Consumo","","00-10","Normal","30","Colones por mes","ET-107-2022","Ordinario","2024/01/01","2024/12/31","116","2023-06-28","RE-0011-IA-2023","2023-06-14","3","Sí",""
"Protección Recurso Hídrico","ASADA El Tanque","","DOMIPRE","DOMIPRE","Medido","","","Cargo Consumo","","11-30","Normal","34","Colones por mes","ET-107-2022","Ordinario","2024/01/01","2024/12/31","116","2023-06-28","RE-0011-IA-2023","2023-06-14","3","Sí",""
"Protección Recurso Hídrico","ASADA El Tanque","","DOMIPRE","DOMIPRE","Medido","","","Cargo Consumo","","31-60","Normal","43","Colones por mes","ET-107-2022","Ordinario","2024/01/01","2024/12/31","116","2023-06-28","RE-0011-IA-2023","2023-06-14","3","Sí",""
"Protección Recurso Hídrico","ASADA El Tanque","","DOMIPRE","DOMIPRE","Medido","","","Cargo Consumo","","61 y más","Normal","64","Colones por mes","ET-107-2022","Ordinario","2024/01/01","2024/12/31","116","2023-06-28","RE-0011-IA-2023","2023-06-14","3","Sí",""
"Protección Recurso Hídrico","ASADA El Tanque","","EMPREGO","EMPREGO","Medido","","","Cargo Consumo","","00-10","Normal","44","Colones por mes","ET-107-2022","Ordinario","2024/01/01","2024/12/31","116","2023-06-28","RE-0011-IA-2023","2023-06-14","3","Sí",""
"Protección Recurso Hídrico","ASADA El Tanque","","EMPREGO","EMPREGO","Medido","","","Cargo Consumo","","11-30","Normal","51","Colones por mes","ET-107-2022","Ordinario","2024/01/01","2024/12/31","116","2023-06-28","RE-0011-IA-2023","2023-06-14","3","Sí",""
"Protección Recurso Hídrico","ASADA El Tanque","","EMPREGO","EMPREGO","Medido","","","Cargo Consumo","","31-60","Normal","64","Colones por mes","ET-107-2022","Ordinario","2024/01/01","2024/12/31","116","2023-06-28","RE-0011-IA-2023","2023-06-14","3","Sí",""
"Protección Recurso Hídrico","ASADA El Tanque","","EMPREGO","EMPREGO","Medido","","","Cargo Consumo","","61 y más","Normal","64","Colones por mes","ET-107-2022","Ordinario","2024/01/01","2024/12/31","116","2023-06-28","RE-0011-IA-2023","2023-06-14","3","Sí",""
"Protección Recurso Hídrico","ASADA La Argentina","","DOMIPRE","DOMIPRE","Medido","","","Cargo Consumo","","0-15","Normal","14.07","Colones por mes","ET-039-2023","Ordinario","2024/01/01","2024/12/31","156","2023-08-28","RE-0016-IA-2023","2023-08-23","1","Sí",""
"Protección Recurso Hídrico","ASADA La Argentina","","DOMIPRE","DOMIPRE","Medido","","","Cargo Consumo","","16-30","Normal","16.17","Colones por mes","ET-039-2023","Ordinario","2024/01/01","2024/12/31","156","2023-08-28","RE-0016-IA-2023","2023-08-23","1","Sí",""
"Protección Recurso Hídrico","ASADA La Argentina","","DOMIPRE","DOMIPRE","Medido","","","Cargo Consumo","","31-45","Normal","20.26","Colones por mes","ET-039-2023","Ordinario","2024/01/01","2024/12/31","156","2023-08-28","RE-0016-IA-2023","2023-08-23","1","Sí",""
"Protección Recurso Hídrico","ASADA La Argentina","","DOMIPRE","DOMIPRE","Medido","","","Cargo Consumo","","46 y más","Normal","30.34","Colones por mes","ET-039-2023","Ordinario","2024/01/01","2024/12/31","156","2023-08-28","RE-0016-IA-2023","2023-08-23","1","Sí",""
"Protección Recurso Hídrico","ASADA La Argentina","","EMPREGO","EMPREGO","Medido","","","Cargo Consumo","","00-10","Normal","21.06","Colones por mes","ET-039-2023","Ordinario","2024/01/01","2024/12/31","156","2023-08-28","RE-0016-IA-2023","2023-08-23","1","Sí",""
"Protección Recurso Hídrico","ASADA La Argentina","","EMPREGO","EMPREGO","Medido","","","Cargo Consumo","","11-30","Normal","24.25","Colones por mes","ET-039-2023","Ordinario","2024/01/01","2024/12/31","156","2023-08-28","RE-0016-IA-2023","2023-08-23","1","Sí",""
"Protección Recurso Hídrico","ASADA La Argentina","","EMPREGO","EMPREGO","Medido","","","Cargo Consumo","","31-60","Normal","30.34","Colones por mes","ET-039-2023","Ordinario","2024/01/01","2024/12/31","156","2023-08-28","RE-0016-IA-2023","2023-08-23","1","Sí",""
"Protección Recurso Hídrico","ASADA La Argentina","","EMPREGO","EMPREGO","Medido","","","Cargo Consumo","","61 y más","Normal","30.34","Colones por mes","ET-039-2023","Ordinario","2024/01/01","2024/12/31","156","2023-08-28","RE-0016-IA-2023","2023-08-23","1","Sí",""
"Protección Recurso Hídrico","ASADA Río Celeste","","DOMIPRE","DOMIPRE","Medido","","","Cargo Consumo","","0-15","Normal","45","Colones por mes","ET-053-2023","Ordinario","2024/01/19","2024/12/31","10","2024-01-19","RE-0002-IA-2024","2024-01-11","1","Sí",""
"Protección Recurso Hídrico","ASADA Río Celeste","","DOMIPRE","DOMIPRE","Medido","","","Cargo Consumo","","16-30","Normal","54","Colones por mes","ET-053-2023","Ordinario","2024/01/19","2024/12/31","10","2024-01-19","RE-0002-IA-2024","2024-01-11","1","Sí",""
"Protección Recurso Hídrico","ASADA Río Celeste","","DOMIPRE","DOMIPRE","Medido","","","Cargo Consumo","","31-45","Normal","76","Colones por mes","ET-053-2023","Ordinario","2024/01/19","2024/12/31","10","2024-01-19","RE-0002-IA-2024","2024-01-11","1","Sí",""
"Protección Recurso Hídrico","ASADA Río Celeste","","DOMIPRE","DOMIPRE","Medido","","","Cargo Consumo","","46 y más","Normal","131","Colones por mes","ET-053-2023","Ordinario","2024/01/19","2024/12/31","10","2024-01-19","RE-0002-IA-2024","2024-01-11","1","Sí",""
"Protección Recurso Hídrico","ASADA Río Celeste","","EMPREGO","EMPREGO","Medido","","","Cargo Consumo","","00-10","Normal","80","Colones por mes","ET-053-2023","Ordinario","2024/01/19","2024/12/31","10","2024-01-19","RE-0002-IA-2024","2024-01-11","1","Sí",""
"Protección Recurso Hídrico","ASADA Río Celeste","","EMPREGO","EMPREGO","Medido","","","Cargo Consumo","","11-30","Normal","91","Colones por mes","ET-053-2023","Ordinario","2024/01/19","2024/12/31","10","2024-01-19","RE-0002-IA-2024","2024-01-11","1","Sí",""
"Protección Recurso Hídrico","ASADA Río Celeste","","EMPREGO","EMPREGO","Medido","","","Cargo Consumo","","31-60","Normal","120","Colones por mes","ET-053-2023","Ordinario","2024/01/19","2024/12/31","10","2024-01-19","RE-0002-IA-2024","2024-01-11","1","Sí",""
"Protección Recurso Hídrico","ASADA Río Celeste","","EMPREGO","EMPREGO","Medido","","","Cargo Consumo","","61 y más","Normal","186","Colones por mes","ET-053-2023","Ordinario","2024/01/19","2024/12/31","10","2024-01-19","RE-0002-IA-2024","2024-01-11","1","Sí",""
"Protección Recurso Hídrico","ASADA Aguas Zarcas","","DOMIPRE","DOMIPRE","Medido","","","Cargo Consumo","","00-10","Normal","18","Colones por mes","ET-054-2023","Ordinario","2024/02/14","2024/12/31","28","2022-02-04","RE-0009-IA-2024","2024-02-07","1","Sí",""
"Protección Recurso Hídrico","ASADA Aguas Zarcas","","DOMIPRE","DOMIPRE","Medido","","","Cargo Consumo","","11-30","Normal","21","Colones por mes","ET-054-2023","Ordinario","2024/02/14","2024/12/31","28","2022-02-04","RE-0009-IA-2024","2024-02-07","1","Sí",""
"Protección Recurso Hídrico","ASADA Aguas Zarcas","","DOMIPRE","DOMIPRE","Medido","","","Cargo Consumo","","31-60","Normal","29","Colones por mes","ET-054-2023","Ordinario","2024/02/14","2024/12/31","28","2022-02-04","RE-0009-IA-2024","2024-02-07","1","Sí",""
"Protección Recurso Hídrico","ASADA Aguas Zarcas","","DOMIPRE","DOMIPRE","Medido","","","Cargo Consumo","","61 y más","Normal","50","Colones por mes","ET-054-2023","Ordinario","2024/02/14","2024/12/31","28","2022-02-04","RE-0009-IA-2024","2024-02-07","1","Sí",""
"Protección Recurso Hídrico","ASADA Aguas Zarcas","","EMPREGO","EMPREGO","Medido","","","Cargo Consumo","","00-10","Normal","30","Colones por mes","ET-054-2023","Ordinario","2024/02/14","2024/12/31","28","2022-02-04","RE-0009-IA-2024","2024-02-07","1","Sí",""
"Protección Recurso Hídrico","ASADA Aguas Zarcas","","EMPREGO","EMPREGO","Medido","","","Cargo Consumo","","11-30","Normal","33","Colones por mes","ET-054-2023","Ordinario","2024/02/14","2024/12/31","28","2022-02-04","RE-0009-IA-2024","2024-02-07","1","Sí",""
"Protección Recurso Hídrico","ASADA Aguas Zarcas","","EMPREGO","EMPREGO","Medido","","","Cargo Consumo","","31-60","Normal","42","Colones por mes","ET-054-2023","Ordinario","2024/02/14","2024/12/31","28","2022-02-04","RE-0009-IA-2024","2024-02-07","1","Sí",""
"Protección Recurso Hídrico","ASADA Aguas Zarcas","","EMPREGO","EMPREGO","Medido","","","Cargo Consumo","","61 y más","Normal","75","Colones por mes","ET-054-2023","Ordinario","2024/02/14","2024/12/31","28","2022-02-04","RE-0009-IA-2024","2024-02-07","1","Sí",""
"Protección Recurso Hídrico","ASADA Aguas Sucre","","DOMIPRE","DOMIPRE","Medido","","","Cargo Consumo","","00-10","Normal","21","Colones por mes","ET-052-2023","Ordinario","2024/02/01","2024/12/31","19","2022-02-04","RE-0003-IA-2024","2024-01-30","1","Sí",""
"Protección Recurso Hídrico","ASADA Aguas Sucre","","DOMIPRE","DOMIPRE","Medido","","","Cargo Consumo","","11-30","Normal","25","Colones por mes","ET-052-2023","Ordinario","2024/02/01","2024/12/31","19","2022-02-04","RE-0003-IA-2024","2024-01-30","1","Sí",""
"Protección Recurso Hídrico","ASADA Aguas Sucre","","DOMIPRE","DOMIPRE","Medido","","","Cargo Consumo","","31-60","Normal","33","Colones por mes","ET-052-2023","Ordinario","2024/02/01","2024/12/31","19","2022-02-04","RE-0003-IA-2024","2024-01-30","1","Sí",""
"Protección Recurso Hídrico","ASADA Aguas Sucre","","DOMIPRE","DOMIPRE","Medido","","","Cargo Consumo","","61 y más","Normal","56","Colones por mes","ET-052-2023","Ordinario","2024/02/01","2024/12/31","19","2022-02-04","RE-0003-IA-2024","2024-01-30","1","Sí",""
"Protección Recurso Hídrico","ASADA Aguas Sucre","","EMPREGO","EMPREGO","Medido","","","Cargo Consumo","","00-10","Normal","33","Colones por mes","ET-052-2023","Ordinario","2024/02/01","2024/12/31","19","2022-02-04","RE-0003-IA-2024","2024-01-30","1","Sí",""
"Protección Recurso Hídrico","ASADA Aguas Sucre","","EMPREGO","EMPREGO","Medido","","","Cargo Consumo","","11-30","Normal","36","Colones por mes","ET-052-2023","Ordinario","2024/02/01","2024/12/31","19","2022-02-04","RE-0003-IA-2024","2024-01-30","1","Sí",""
"Protección Recurso Hídrico","ASADA Aguas Sucre","","EMPREGO","EMPREGO","Medido","","","Cargo Consumo","","31-60","Normal","43","Colones por mes","ET-052-2023","Ordinario","2024/02/01","2024/12/31","19","2022-02-04","RE-0003-IA-2024","2024-01-30","1","Sí",""
"Protección Recurso Hídrico","ASADA Aguas Sucre","","EMPREGO","EMPREGO","Medido","","","Cargo Consumo","","61 y más","Normal","89","Colones por mes","ET-052-2023","Ordinario","2024/02/01","2024/12/31","19","2022-02-04","RE-0003-IA-2024","2024-01-30","1","Sí",""
"Acueducto","ASADA Labrador","","DOMIPRE","DOMIPRE","Medido","","","Cargo Consumo","","00-10","Normal","300","Colones por mes","ET-055-2023","Ordinario","2024/05/24","2024/12/31","93","2024-05-24","RE-0020-IA-2024","2024-05-16","1","Sí",""
"Acueducto","ASADA Labrador","","DOMIPRE","DOMIPRE","Medido","","","Cargo Consumo","","11-30","Normal","365","Colones por mes","ET-055-2023","Ordinario","2024/05/24","2024/12/31","93","2024-05-24","RE-0020-IA-2024","2024-05-16","1","Sí",""
"Acueducto","ASADA Labrador","","DOMIPRE","DOMIPRE","Medido","","","Cargo Consumo","","31-60","Normal","506","Colones por mes","ET-055-2023","Ordinario","2024/05/24","2024/12/31","93","2024-05-24","RE-0020-IA-2024","2024-05-16","1","Sí",""
"Acueducto","ASADA Labrador","","DOMIPRE","DOMIPRE","Medido","","","Cargo Consumo","","61 y más","Normal","938","Colones por mes","ET-055-2023","Ordinario","2024/05/24","2024/12/31","93","2024-05-24","RE-0020-IA-2024","2024-05-16","1","Sí",""
"Acueducto","ASADA Labrador","","DOMIPRE","EMPREGO","Fijo","","","Cargo Fijo","","","Normal","2000","Colones por mes","ET-055-2023","Ordinario","2024/05/24","2024/12/31","93","2024-05-24","RE-0020-IA-2024","2024-05-16","1","Sí",""
"Acueducto","ASADA Labrador","","EMPREGO","EMPREGO","Medido","","","Cargo Consumo","","00-10","Normal","451","Colones por mes","ET-055-2023","Ordinario","2024/05/24","2024/12/31","93","2024-05-24","RE-0020-IA-2024","2024-05-16","1","Sí",""
"Acueducto","ASADA Labrador","","EMPREGO","EMPREGO","Medido","","","Cargo Consumo","","11-30","Normal","545","Colones por mes","ET-055-2023","Ordinario","2024/05/24","2024/12/31","93","2024-05-24","RE-0020-IA-2024","2024-05-16","1","Sí",""
"Acueducto","ASADA Labrador","","EMPREGO","EMPREGO","Medido","","","Cargo Consumo","","31-60","Normal","755","Colones por mes","ET-055-2023","Ordinario","2024/05/24","2024/12/31","93","2024-05-24","RE-0020-IA-2024","2024-05-16","1","Sí",""
"Acueducto","ASADA Labrador","","EMPREGO","EMPREGO","Medido","","","Cargo Consumo","","61 y más","Normal","946","Colones por mes","ET-055-2023","Ordinario","2024/05/24","2024/12/31","93","2024-05-24","RE-0020-IA-2024","2024-05-16","1","Sí",""
"Acueducto","ASADA Labrador","","EMPREGO","EMPREGO","Fijo","","","Cargo Fijo","","","Normal","2000","Colones por mes","ET-055-2023","Ordinario","2024/05/24","2024/12/31","93","2024-05-24","RE-0020-IA-2024","2024-05-16","1","Sí",""
"Protección Recurso Hídrico","ASADA San Juan de Barbacoas, Puriscal","","DOMIPRE","DOMIPRE","Medido","","","Cargo Consumo","","00-10","Normal","70","Colones por mes","ET-051-2024","Ordinario","2025/01/01","2025/12/31","156","2024-08-27","RE-0026-IA-2024","2024-08-12","1","Sí",""
"Protección Recurso Hídrico","ASADA San Juan de Barbacoas, Puriscal","","DOMIPRE","DOMIPRE","Medido","","","Cargo Consumo","","11-30","Normal","85","Colones por mes","ET-051-2024","Ordinario","2025/01/01","2025/12/31","156","2024-08-27","RE-0026-IA-2024","2024-08-12","1","Sí",""
"Protección Recurso Hídrico","ASADA San Juan de Barbacoas, Puriscal","","DOMIPRE","DOMIPRE","Medido","","","Cargo Consumo","","31-60","Normal","118","Colones por mes","ET-051-2024","Ordinario","2025/01/01","2025/12/31","156","2024-08-27","RE-0026-IA-2024","2024-08-12","1","Sí",""
"Protección Recurso Hídrico","ASADA San Juan de Barbacoas, Puriscal","","DOMIPRE","DOMIPRE","Medido","","","Cargo Consumo","","61 y más","Normal","208","Colones por mes","ET-051-2024","Ordinario","2025/01/01","2025/12/31","156","2024-08-27","RE-0026-IA-2024","2024-08-12","1","Sí",""
"Protección Recurso Hídrico","ASADA San Juan de Barbacoas, Puriscal","","EMPREGO","EMPREGO","Medido","","","Cargo Consumo","","00-10","Normal","115","Colones por mes","ET-051-2024","Ordinario","2025/01/01","2025/12/31","156","2024-08-27","RE-0026-IA-2024","2024-08-12","1","Sí",""
"Protección Recurso Hídrico","ASADA San Juan de Barbacoas, Puriscal","","EMPREGO","EMPREGO","Medido","","","Cargo Consumo","","11-30","Normal","113","Colones por mes","ET-051-2024","Ordinario","2025/01/01","2025/12/31","156","2024-08-27","RE-0026-IA-2024","2024-08-12","1","Sí",""
"Protección Recurso Hídrico","ASADA San Juan de Barbacoas, Puriscal","","EMPREGO","EMPREGO","Medido","","","Cargo Consumo","","31-60","Normal","173","Colones por mes","ET-051-2024","Ordinario","2025/01/01","2025/12/31","156","2024-08-27","RE-0026-IA-2024","2024-08-12","1","Sí",""
"Protección Recurso Hídrico","ASADA San Juan de Barbacoas, Puriscal","","EMPREGO","EMPREGO","Medido","","","Cargo Consumo","","61 y más","Normal","273","Colones por mes","ET-051-2024","Ordinario","2025/01/01","2025/12/31","156","2024-08-27","RE-0026-IA-2024","2024-08-12","1","Sí",""
"Protección Recurso Hídrico","ASADA Rosales","","DOMIPRE","DOMIPRE","Medido","","","Cargo Consumo","","00-10","Normal","57","Colones por mes","ET-052-2023","Ordinario","2025/01/01","2025/12/31","156","2024-08-27","RE-0025-IA-2024","2024-08-12","1","Sí",""
"Protección Recurso Hídrico","ASADA Rosales","","DOMIPRE","DOMIPRE","Medido","","","Cargo Consumo","","11-30","Normal","65","Colones por mes","ET-052-2023","Ordinario","2025/01/01","2025/12/31","156","2024-08-27","RE-0025-IA-2024","2024-08-12","1","Sí",""
"Protección Recurso Hídrico","ASADA Rosales","","DOMIPRE","DOMIPRE","Medido","","","Cargo Consumo","","31-60","Normal","84","Colones por mes","ET-052-2023","Ordinario","2025/01/01","2025/12/31","156","2024-08-27","RE-0025-IA-2024","2024-08-12","1","Sí",""
"Protección Recurso Hídrico","ASADA Rosales","","DOMIPRE","DOMIPRE","Medido","","","Cargo Consumo","","61 y más","Normal","163","Colones por mes","ET-052-2023","Ordinario","2025/01/01","2025/12/31","156","2024-08-27","RE-0025-IA-2024","2024-08-12","1","Sí",""
"Protección Recurso Hídrico","ASADA Rosales","","EMPREGO","EMPREGO","Medido","","","Cargo Consumo","","00-10","Normal","87","Colones por mes","ET-052-2023","Ordinario","2025/01/01","2025/12/31","156","2024-08-27","RE-0025-IA-2024","2024-08-12","1","Sí",""
"Protección Recurso Hídrico","ASADA Rosales","","EMPREGO","EMPREGO","Medido","","","Cargo Consumo","","11-30","Normal","95","Colones por mes","ET-052-2023","Ordinario","2025/01/01","2025/12/31","156","2024-08-27","RE-0025-IA-2024","2024-08-12","1","Sí",""
"Protección Recurso Hídrico","ASADA Rosales","","EMPREGO","EMPREGO","Medido","","","Cargo Consumo","","31-60","Normal","115","Colones por mes","ET-052-2023","Ordinario","2025/01/01","2025/12/31","156","2024-08-27","RE-0025-IA-2024","2024-08-12","1","Sí",""
"Protección Recurso Hídrico","ASADA Rosales","","EMPREGO","EMPREGO","Medido","","","Cargo Consumo","","61 y más","Normal","222","Colones por mes","ET-052-2023","Ordinario","2025/01/01","2025/12/31","156","2024-08-27","RE-0025-IA-2024","2024-08-12","1","Sí",""
